MPRN,Meter Serial Number,Read Value,Read Type,Read Date and End Time
100109xxxxx,223xxxxx,10264.209,24 Hr Active Import Register (kWh),07/12/2025 00:00
100109xxxxx,223xxxxx,0,24 Hr Active Export Register (kWh),07/12/2025 00:00
100109xxxxx,223xxxxx,10256.147,24 Hr Active Import Register (kWh),06/12/2025 00:00
100109xxxxx,223xxxxx,0,24 Hr Active Export Register (kWh),06/12/2025 00:00
100109xxxxx,223xxxxx,10248.484,24 Hr Active Import Register (kWh),05/12/2025 00:00
100109xxxxx,223xxxxx,0,24 Hr Active Export Register (kWh),05/12/2025 00:00
100109xxxxx,223xxxxx,10239.189,24 Hr Active Import Register (kWh),04/12/2025 00:00
100109xxxxx,223xxxxx,0,24 Hr Active Export Register (kWh),04/12/2025 00:00
100109xxxxx,223xxxxx,10231.011,24 Hr Active Import Register (kWh),03/12/2025 00:00
100109xxxxx,223xxxxx,0,24 Hr Active Export Register (kWh),03/12/2025 00:00
100109xxxxx,223xxxxx,10220.95,24 Hr Active Import Register (kWh),02/12/2025 00:00
100109xxxxx,223xxxxx,0,24 Hr Active Export Register (kWh),02/12/2025 00:00
100109xxxxx,223xxxxx,10211.639,24 Hr Active Import Register (kWh),01/12/2025 00:00
100109xxxxx,223xxxxx,0,24 Hr Active Export Register (kWh),01/12/2025 00:00
100109xxxxx,223xxxxx,10204.414,24 Hr Active Import Register (kWh),30/11/2025 00:00
100109xxxxx,223xxxxx,0,24 Hr Active Export Register (kWh),30/11/2025 00:00
100109xxxxx,223xxxxx,10195.656,24 Hr Active Import Register (kWh),29/11/2025 00:00
100109xxxxx,223xxxxx,0,24 Hr Active Export Register (kWh),29/11/2025 00:00
100109xxxxx,223xxxxx,10181.841,24 Hr Active Import Register (kWh),28/11/2025 00:00
100109xxxxx,223xxxxx,0,24 Hr Active Export Register (kWh),28/11/2025 00:00
100109xxxxx,223xxxxx,10173.743,24 Hr Active Import Register (kWh),27/11/2025 00:00
100109xxxxx,223xxxxx,0,24 Hr Active Export Register (kWh),27/11/2025 00:00
100109xxxxx,223xxxxx,10165.621,24 Hr Active Import Register (kWh),26/11/2025 00:00
100109xxxxx,223xxxxx,0,24 Hr Active Export Register (kWh),26/11/2025 00:00
100109xxxxx,223xxxxx,10159.386,24 Hr Active Import Register (kWh),25/11/2025 00:00
100109xxxxx,223xxxxx,0,24 Hr Active Export Register (kWh),25/11/2025 00:00
100109xxxxx,223xxxxx,10144.975,24 Hr Active Import Register (kWh),24/11/2025 00:00
100109xxxxx,223xxxxx,0,24 Hr Active Export Register (kWh),24/11/2025 00:00
100109xxxxx,223xxxxx,10136.02,24 Hr Active Import Register (kWh),23/11/2025 00:00
100109xxxxx,223xxxxx,0,24 Hr Active Export Register (kWh),23/11/2025 00:00
100109xxxxx,223xxxxx,10128.659,24 Hr Active Import Register (kWh),22/11/2025 00:00
100109xxxxx,223xxxxx,0,24 Hr Active Export Register (kWh),22/11/2025 00:00
100109xxxxx,223xxxxx,10116.907,24 Hr Active Import Register (kWh),21/11/2025 00:00
100109xxxxx,223xxxxx,0,24 Hr Active Export Register (kWh),21/11/2025 00:00
100109xxxxx,223xxxxx,10105.919,24 Hr Active Import Register (kWh),20/11/2025 00:00
100109xxxxx,223xxxxx,0,24 Hr Active Export Register (kWh),20/11/2025 00:00
100109xxxxx,223xxxxx,10095.094,24 Hr Active Import Register (kWh),19/11/2025 00:00
100109xxxxx,223xxxxx,0,24 Hr Active Export Register (kWh),19/11/2025 00:00
100109xxxxx,223xxxxx,10085.835,24 Hr Active Import Register (kWh),18/11/2025 00:00
100109xxxxx,223xxxxx,0,24 Hr Active Export Register (kWh),18/11/2025 00:00
100109xxxxx,223xxxxx,10075.618,24 Hr Active Import Register (kWh),17/11/2025 00:00
100109xxxxx,223xxxxx,0,24 Hr Active Export Register (kWh),17/11/2025 00:00
100109xxxxx,223xxxxx,10061.485,24 Hr Active Import Register (kWh),16/11/2025 00:00
100109xxxxx,223xxxxx,0,24 Hr Active Export Register (kWh),16/11/2025 00:00
100109xxxxx,223xxxxx,10053.494,24 Hr Active Import Register (kWh),15/11/2025 00:00
100109xxxxx,223xxxxx,0,24 Hr Active Export Register (kWh),15/11/2025 00:00
100109xxxxx,223xxxxx,10044.038,24 Hr Active Import Register (kWh),14/11/2025 00:00
100109xxxxx,223xxxxx,0,24 Hr Active Export Register (kWh),14/11/2025 00:00
100109xxxxx,223xxxxx,10036.784,24 Hr Active Import Register (kWh),13/11/2025 00:00
100109xxxxx,223xxxxx,0,24 Hr Active Export Register (kWh),13/11/2025 00:00
100109xxxxx,223xxxxx,10024.693,24 Hr Active Import Register (kWh),12/11/2025 00:00
100109xxxxx,223xxxxx,0,24 Hr Active Export Register (kWh),12/11/2025 00:00
100109xxxxx,223xxxxx,10017.715,24 Hr Active Import Register (kWh),11/11/2025 00:00
100109xxxxx,223xxxxx,0,24 Hr Active Export Register (kWh),11/11/2025 00:00
100109xxxxx,223xxxxx,10010.99,24 Hr Active Import Register (kWh),10/11/2025 00:00
100109xxxxx,223xxxxx,0,24 Hr Active Export Register (kWh),10/11/2025 00:00
100109xxxxx,223xxxxx,10001.446,24 Hr Active Import Register (kWh),09/11/2025 00:00
100109xxxxx,223xxxxx,0,24 Hr Active Export Register (kWh),09/11/2025 00:00
100109xxxxx,223xxxxx,9990.545,24 Hr Active Import Register (kWh),08/11/2025 00:00
100109xxxxx,223xxxxx,0,24 Hr Active Export Register (kWh),08/11/2025 00:00
100109xxxxx,223xxxxx,9983.068,24 Hr Active Import Register (kWh),07/11/2025 00:00
100109xxxxx,223xxxxx,0,24 Hr Active Export Register (kWh),07/11/2025 00:00
100109xxxxx,223xxxxx,9968.606,24 Hr Active Import Register (kWh),06/11/2025 00:00
100109xxxxx,223xxxxx,0,24 Hr Active Export Register (kWh),06/11/2025 00:00
100109xxxxx,223xxxxx,9961.349,24 Hr Active Import Register (kWh),05/11/2025 00:00
100109xxxxx,223xxxxx,0,24 Hr Active Export Register (kWh),05/11/2025 00:00
100109xxxxx,223xxxxx,9952.854,24 Hr Active Import Register (kWh),04/11/2025 00:00
100109xxxxx,223xxxxx,0,24 Hr Active Export Register (kWh),04/11/2025 00:00
100109xxxxx,223xxxxx,9943.783,24 Hr Active Import Register (kWh),03/11/2025 00:00
100109xxxxx,223xxxxx,0,24 Hr Active Export Register (kWh),03/11/2025 00:00
100109xxxxx,223xxxxx,9938.228,24 Hr Active Import Register (kWh),02/11/2025 00:00
100109xxxxx,223xxxxx,0,24 Hr Active Export Register (kWh),02/11/2025 00:00
100109xxxxx,223xxxxx,9925.096,24 Hr Active Import Register (kWh),01/11/2025 00:00
100109xxxxx,223xxxxx,0,24 Hr Active Export Register (kWh),01/11/2025 00:00
100109xxxxx,223xxxxx,9911.705,24 Hr Active Import Register (kWh),31/10/2025 00:00
100109xxxxx,223xxxxx,0,24 Hr Active Export Register (kWh),31/10/2025 00:00
100109xxxxx,223xxxxx,9898.577,24 Hr Active Import Register (kWh),30/10/2025 00:00
100109xxxxx,223xxxxx,0,24 Hr Active Export Register (kWh),30/10/2025 00:00
100109xxxxx,223xxxxx,9889.202,24 Hr Active Import Register (kWh),29/10/2025 00:00
100109xxxxx,223xxxxx,0,24 Hr Active Export Register (kWh),29/10/2025 00:00
100109xxxxx,223xxxxx,9880.636,24 Hr Active Import Register (kWh),28/10/2025 00:00
100109xxxxx,223xxxxx,0,24 Hr Active Export Register (kWh),28/10/2025 00:00
100109xxxxx,223xxxxx,9869.204,24 Hr Active Import Register (kWh),27/10/2025 00:00
100109xxxxx,223xxxxx,0,24 Hr Active Export Register (kWh),27/10/2025 00:00
100109xxxxx,223xxxxx,9858.504,24 Hr Active Import Register (kWh),26/10/2025 00:00
100109xxxxx,223xxxxx,0,24 Hr Active Export Register (kWh),26/10/2025 00:00
100109xxxxx,223xxxxx,9851.113,24 Hr Active Import Register (kWh),25/10/2025 00:00
100109xxxxx,223xxxxx,0,24 Hr Active Export Register (kWh),25/10/2025 00:00
100109xxxxx,223xxxxx,9839.045,24 Hr Active Import Register (kWh),24/10/2025 00:00
100109xxxxx,223xxxxx,0,24 Hr Active Export Register (kWh),24/10/2025 00:00
100109xxxxx,223xxxxx,9824.945,24 Hr Active Import Register (kWh),23/10/2025 00:00
100109xxxxx,223xxxxx,0,24 Hr Active Export Register (kWh),23/10/2025 00:00
100109xxxxx,223xxxxx,9810.67,24 Hr Active Import Register (kWh),22/10/2025 00:00
100109xxxxx,223xxxxx,0,24 Hr Active Export Register (kWh),22/10/2025 00:00
100109xxxxx,223xxxxx,9803.311,24 Hr Active Import Register (kWh),21/10/2025 00:00
100109xxxxx,223xxxxx,0,24 Hr Active Export Register (kWh),21/10/2025 00:00
100109xxxxx,223xxxxx,9791.986,24 Hr Active Import Register (kWh),20/10/2025 00:00
100109xxxxx,223xxxxx,0,24 Hr Active Export Register (kWh),20/10/2025 00:00
100109xxxxx,223xxxxx,9780.008,24 Hr Active Import Register (kWh),19/10/2025 00:00
100109xxxxx,223xxxxx,0,24 Hr Active Export Register (kWh),19/10/2025 00:00
100109xxxxx,223xxxxx,9768.283,24 Hr Active Import Register (kWh),18/10/2025 00:00
100109xxxxx,223xxxxx,0,24 Hr Active Export Register (kWh),18/10/2025 00:00
100109xxxxx,223xxxxx,9755.348,24 Hr Active Import Register (kWh),17/10/2025 00:00
100109xxxxx,223xxxxx,0,24 Hr Active Export Register (kWh),17/10/2025 00:00
100109xxxxx,223xxxxx,9743.163,24 Hr Active Import Register (kWh),16/10/2025 00:00
100109xxxxx,223xxxxx,0,24 Hr Active Export Register (kWh),16/10/2025 00:00
100109xxxxx,223xxxxx,9736.353,24 Hr Active Import Register (kWh),15/10/2025 00:00
100109xxxxx,223xxxxx,0,24 Hr Active Export Register (kWh),15/10/2025 00:00
100109xxxxx,223xxxxx,9722.684,24 Hr Active Import Register (kWh),14/10/2025 00:00
100109xxxxx,223xxxxx,0,24 Hr Active Export Register (kWh),14/10/2025 00:00
100109xxxxx,223xxxxx,9712.326,24 Hr Active Import Register (kWh),13/10/2025 00:00
100109xxxxx,223xxxxx,0,24 Hr Active Export Register (kWh),13/10/2025 00:00
100109xxxxx,223xxxxx,9704.901,24 Hr Active Import Register (kWh),12/10/2025 00:00
100109xxxxx,223xxxxx,0,24 Hr Active Export Register (kWh),12/10/2025 00:00
100109xxxxx,223xxxxx,9694.191,24 Hr Active Import Register (kWh),11/10/2025 00:00
100109xxxxx,223xxxxx,0,24 Hr Active Export Register (kWh),11/10/2025 00:00
100109xxxxx,223xxxxx,9682.614,24 Hr Active Import Register (kWh),10/10/2025 00:00
100109xxxxx,223xxxxx,0,24 Hr Active Export Register (kWh),10/10/2025 00:00
100109xxxxx,223xxxxx,9671.564,24 Hr Active Import Register (kWh),09/10/2025 00:00
100109xxxxx,223xxxxx,0,24 Hr Active Export Register (kWh),09/10/2025 00:00
100109xxxxx,223xxxxx,9658.563,24 Hr Active Import Register (kWh),08/10/2025 00:00
100109xxxxx,223xxxxx,0,24 Hr Active Export Register (kWh),08/10/2025 00:00
100109xxxxx,223xxxxx,9644.307,24 Hr Active Import Register (kWh),07/10/2025 00:00
100109xxxxx,223xxxxx,0,24 Hr Active Export Register (kWh),07/10/2025 00:00
100109xxxxx,223xxxxx,9635.497,24 Hr Active Import Register (kWh),06/10/2025 00:00
100109xxxxx,223xxxxx,0,24 Hr Active Export Register (kWh),06/10/2025 00:00
100109xxxxx,223xxxxx,9624.109,24 Hr Active Import Register (kWh),05/10/2025 00:00
100109xxxxx,223xxxxx,0,24 Hr Active Export Register (kWh),05/10/2025 00:00
100109xxxxx,223xxxxx,9612.607,24 Hr Active Import Register (kWh),04/10/2025 00:00
100109xxxxx,223xxxxx,0,24 Hr Active Export Register (kWh),04/10/2025 00:00
100109xxxxx,223xxxxx,9598.718,24 Hr Active Import Register (kWh),03/10/2025 00:00
100109xxxxx,223xxxxx,0,24 Hr Active Export Register (kWh),03/10/2025 00:00
100109xxxxx,223xxxxx,9585.864,24 Hr Active Import Register (kWh),02/10/2025 00:00
100109xxxxx,223xxxxx,0,24 Hr Active Export Register (kWh),02/10/2025 00:00
100109xxxxx,223xxxxx,9576.32,24 Hr Active Import Register (kWh),01/10/2025 00:00
100109xxxxx,223xxxxx,0,24 Hr Active Export Register (kWh),01/10/2025 00:00
100109xxxxx,223xxxxx,9566.518,24 Hr Active Import Register (kWh),30/09/2025 00:00
100109xxxxx,223xxxxx,0,24 Hr Active Export Register (kWh),30/09/2025 00:00
100109xxxxx,223xxxxx,9556.164,24 Hr Active Import Register (kWh),29/09/2025 00:00
100109xxxxx,223xxxxx,0,24 Hr Active Export Register (kWh),29/09/2025 00:00
100109xxxxx,223xxxxx,9548.154,24 Hr Active Import Register (kWh),28/09/2025 00:00
100109xxxxx,223xxxxx,0,24 Hr Active Export Register (kWh),28/09/2025 00:00
100109xxxxx,223xxxxx,9538.593,24 Hr Active Import Register (kWh),27/09/2025 00:00
100109xxxxx,223xxxxx,0,24 Hr Active Export Register (kWh),27/09/2025 00:00
100109xxxxx,223xxxxx,9530.251,24 Hr Active Import Register (kWh),26/09/2025 00:00
100109xxxxx,223xxxxx,0,24 Hr Active Export Register (kWh),26/09/2025 00:00
100109xxxxx,223xxxxx,9519.622,24 Hr Active Import Register (kWh),25/09/2025 00:00
100109xxxxx,223xxxxx,0,24 Hr Active Export Register (kWh),25/09/2025 00:00
100109xxxxx,223xxxxx,9510.445,24 Hr Active Import Register (kWh),24/09/2025 00:00
100109xxxxx,223xxxxx,0,24 Hr Active Export Register (kWh),24/09/2025 00:00
100109xxxxx,223xxxxx,9500.18,24 Hr Active Import Register (kWh),23/09/2025 00:00
100109xxxxx,223xxxxx,0,24 Hr Active Export Register (kWh),23/09/2025 00:00
100109xxxxx,223xxxxx,9486.758,24 Hr Active Import Register (kWh),22/09/2025 00:00
100109xxxxx,223xxxxx,0,24 Hr Active Export Register (kWh),22/09/2025 00:00
100109xxxxx,223xxxxx,9477.447,24 Hr Active Import Register (kWh),21/09/2025 00:00
100109xxxxx,223xxxxx,0,24 Hr Active Export Register (kWh),21/09/2025 00:00
100109xxxxx,223xxxxx,9467.714,24 Hr Active Import Register (kWh),20/09/2025 00:00
100109xxxxx,223xxxxx,0,24 Hr Active Export Register (kWh),20/09/2025 00:00
100109xxxxx,223xxxxx,9459.573,24 Hr Active Import Register (kWh),19/09/2025 00:00
100109xxxxx,223xxxxx,0,24 Hr Active Export Register (kWh),19/09/2025 00:00
100109xxxxx,223xxxxx,9447.93,24 Hr Active Import Register (kWh),18/09/2025 00:00
100109xxxxx,223xxxxx,0,24 Hr Active Export Register (kWh),18/09/2025 00:00
100109xxxxx,223xxxxx,9439.845,24 Hr Active Import Register (kWh),17/09/2025 00:00
100109xxxxx,223xxxxx,0,24 Hr Active Export Register (kWh),17/09/2025 00:00
100109xxxxx,223xxxxx,9426.845,24 Hr Active Import Register (kWh),16/09/2025 00:00
100109xxxxx,223xxxxx,0,24 Hr Active Export Register (kWh),16/09/2025 00:00
100109xxxxx,223xxxxx,9417.795,24 Hr Active Import Register (kWh),15/09/2025 00:00
100109xxxxx,223xxxxx,0,24 Hr Active Export Register (kWh),15/09/2025 00:00
100109xxxxx,223xxxxx,9405.187,24 Hr Active Import Register (kWh),14/09/2025 00:00
100109xxxxx,223xxxxx,0,24 Hr Active Export Register (kWh),14/09/2025 00:00
100109xxxxx,223xxxxx,9394.822,24 Hr Active Import Register (kWh),13/09/2025 00:00
100109xxxxx,223xxxxx,0,24 Hr Active Export Register (kWh),13/09/2025 00:00
100109xxxxx,223xxxxx,9384.729,24 Hr Active Import Register (kWh),12/09/2025 00:00
100109xxxxx,223xxxxx,0,24 Hr Active Export Register (kWh),09/12/2025 00:00
100109xxxxx,223xxxxx,9375.23,24 Hr Active Import Register (kWh),11/09/2025 00:00
100109xxxxx,223xxxxx,0,24 Hr Active Export Register (kWh),09/11/2025 00:00
100109xxxxx,223xxxxx,9366.98,24 Hr Active Import Register (kWh),10/09/2025 00:00
100109xxxxx,223xxxxx,0,24 Hr Active Export Register (kWh),09/10/2025 00:00
100109xxxxx,223xxxxx,9358.528,24 Hr Active Import Register (kWh),09/09/2025 00:00
100109xxxxx,223xxxxx,0,24 Hr Active Export Register (kWh),09/09/2025 00:00
100109xxxxx,223xxxxx,9348.534,24 Hr Active Import Register (kWh),08/09/2025 00:00
100109xxxxx,223xxxxx,9337.707,24 Hr Active Import Register (kWh),07/09/2025 00:00
100109xxxxx,223xxxxx,9327.07,24 Hr Active Import Register (kWh),06/09/2025 00:00
100109xxxxx,223xxxxx,9318.915,24 Hr Active Import Register (kWh),05/09/2025 00:00
100109xxxxx,223xxxxx,9309.224,24 Hr Active Import Register (kWh),04/09/2025 00:00
100109xxxxx,223xxxxx,9299.658,24 Hr Active Import Register (kWh),03/09/2025 00:00
100109xxxxx,223xxxxx,9289.392,24 Hr Active Import Register (kWh),02/09/2025 00:00
100109xxxxx,223xxxxx,9279.018,24 Hr Active Import Register (kWh),01/09/2025 00:00
100109xxxxx,223xxxxx,9269.293,24 Hr Active Import Register (kWh),31/08/2025 00:00
100109xxxxx,223xxxxx,9255.352,24 Hr Active Import Register (kWh),30/08/2025 00:00
100109xxxxx,223xxxxx,9246.711,24 Hr Active Import Register (kWh),29/08/2025 00:00
100109xxxxx,223xxxxx,9237.704,24 Hr Active Import Register (kWh),28/08/2025 00:00
100109xxxxx,223xxxxx,9229.717,24 Hr Active Import Register (kWh),27/08/2025 00:00
100109xxxxx,223xxxxx,9221.008,24 Hr Active Import Register (kWh),26/08/2025 00:00
100109xxxxx,223xxxxx,9212.991,24 Hr Active Import Register (kWh),25/08/2025 00:00
100109xxxxx,223xxxxx,9202.483,24 Hr Active Import Register (kWh),24/08/2025 00:00
100109xxxxx,223xxxxx,9189.59,24 Hr Active Import Register (kWh),23/08/2025 00:00
100109xxxxx,223xxxxx,9181.261,24 Hr Active Import Register (kWh),22/08/2025 00:00
100109xxxxx,223xxxxx,9172.97,24 Hr Active Import Register (kWh),21/08/2025 00:00
100109xxxxx,223xxxxx,9162.362,24 Hr Active Import Register (kWh),20/08/2025 00:00
100109xxxxx,223xxxxx,9154.092,24 Hr Active Import Register (kWh),19/08/2025 00:00
100109xxxxx,223xxxxx,9146.091,24 Hr Active Import Register (kWh),18/08/2025 00:00
100109xxxxx,223xxxxx,9137.965,24 Hr Active Import Register (kWh),17/08/2025 00:00
100109xxxxx,223xxxxx,9128.234,24 Hr Active Import Register (kWh),16/08/2025 00:00
100109xxxxx,223xxxxx,9113.964,24 Hr Active Import Register (kWh),15/08/2025 00:00
100109xxxxx,223xxxxx,9105.319,24 Hr Active Import Register (kWh),14/08/2025 00:00
100109xxxxx,223xxxxx,9094.414,24 Hr Active Import Register (kWh),13/08/2025 00:00
100109xxxxx,223xxxxx,9081.166,24 Hr Active Import Register (kWh),12/08/2025 00:00
100109xxxxx,223xxxxx,9068.597,24 Hr Active Import Register (kWh),11/08/2025 00:00
100109xxxxx,223xxxxx,9052.232,24 Hr Active Import Register (kWh),10/08/2025 00:00
100109xxxxx,223xxxxx,9036.202,24 Hr Active Import Register (kWh),09/08/2025 00:00
100109xxxxx,223xxxxx,9026.888,24 Hr Active Import Register (kWh),08/08/2025 00:00
100109xxxxx,223xxxxx,9015.669,24 Hr Active Import Register (kWh),07/08/2025 00:00
100109xxxxx,223xxxxx,9004.152,24 Hr Active Import Register (kWh),06/08/2025 00:00
100109xxxxx,223xxxxx,8989.332,24 Hr Active Import Register (kWh),05/08/2025 00:00
100109xxxxx,223xxxxx,8977.787,24 Hr Active Import Register (kWh),04/08/2025 00:00
100109xxxxx,223xxxxx,8968.203,24 Hr Active Import Register (kWh),03/08/2025 00:00
100109xxxxx,223xxxxx,8952.107,24 Hr Active Import Register (kWh),02/08/2025 00:00
100109xxxxx,223xxxxx,8940.105,24 Hr Active Import Register (kWh),01/08/2025 00:00
100109xxxxx,223xxxxx,8929.57,24 Hr Active Import Register (kWh),31/07/2025 00:00
100109xxxxx,223xxxxx,8916.574,24 Hr Active Import Register (kWh),30/07/2025 00:00
100109xxxxx,223xxxxx,8902.707,24 Hr Active Import Register (kWh),29/07/2025 00:00
100109xxxxx,223xxxxx,8890.328,24 Hr Active Import Register (kWh),28/07/2025 00:00
100109xxxxx,223xxxxx,8880.534,24 Hr Active Import Register (kWh),27/07/2025 00:00
100109xxxxx,223xxxxx,8868.406,24 Hr Active Import Register (kWh),26/07/2025 00:00
100109xxxxx,223xxxxx,8860.085,24 Hr Active Import Register (kWh),25/07/2025 00:00
100109xxxxx,223xxxxx,8850.693,24 Hr Active Import Register (kWh),24/07/2025 00:00
100109xxxxx,223xxxxx,8837.869,24 Hr Active Import Register (kWh),23/07/2025 00:00
100109xxxxx,223xxxxx,8828.583,24 Hr Active Import Register (kWh),22/07/2025 00:00
100109xxxxx,223xxxxx,8817.971,24 Hr Active Import Register (kWh),21/07/2025 00:00
100109xxxxx,223xxxxx,8804.559,24 Hr Active Import Register (kWh),20/07/2025 00:00
100109xxxxx,223xxxxx,8788.611,24 Hr Active Import Register (kWh),19/07/2025 00:00
100109xxxxx,223xxxxx,8771.546,24 Hr Active Import Register (kWh),18/07/2025 00:00
100109xxxxx,223xxxxx,8753.09,24 Hr Active Import Register (kWh),17/07/2025 00:00
100109xxxxx,223xxxxx,8738.37,24 Hr Active Import Register (kWh),16/07/2025 00:00
100109xxxxx,223xxxxx,8728.991,24 Hr Active Import Register (kWh),15/07/2025 00:00
100109xxxxx,223xxxxx,8717.618,24 Hr Active Import Register (kWh),14/07/2025 00:00
100109xxxxx,223xxxxx,8709.426,24 Hr Active Import Register (kWh),13/07/2025 00:00
100109xxxxx,223xxxxx,8698.175,24 Hr Active Import Register (kWh),12/07/2025 00:00
100109xxxxx,223xxxxx,8689.519,24 Hr Active Import Register (kWh),11/07/2025 00:00
100109xxxxx,223xxxxx,8682.495,24 Hr Active Import Register (kWh),10/07/2025 00:00
100109xxxxx,223xxxxx,8672.558,24 Hr Active Import Register (kWh),09/07/2025 00:00
100109xxxxx,223xxxxx,8664.371,24 Hr Active Import Register (kWh),08/07/2025 00:00
100109xxxxx,223xxxxx,8654.62,24 Hr Active Import Register (kWh),07/07/2025 00:00
100109xxxxx,223xxxxx,8647.922,24 Hr Active Import Register (kWh),06/07/2025 00:00
100109xxxxx,223xxxxx,8634.328,24 Hr Active Import Register (kWh),05/07/2025 00:00
100109xxxxx,223xxxxx,8624.713,24 Hr Active Import Register (kWh),04/07/2025 00:00
100109xxxxx,223xxxxx,8614.345,24 Hr Active Import Register (kWh),03/07/2025 00:00
100109xxxxx,223xxxxx,8605.487,24 Hr Active Import Register (kWh),02/07/2025 00:00
100109xxxxx,223xxxxx,8593.912,24 Hr Active Import Register (kWh),01/07/2025 00:00
100109xxxxx,223xxxxx,8585.887,24 Hr Active Import Register (kWh),30/06/2025 00:00
100109xxxxx,223xxxxx,8577.193,24 Hr Active Import Register (kWh),29/06/2025 00:00
100109xxxxx,223xxxxx,8564.502,24 Hr Active Import Register (kWh),28/06/2025 00:00
100109xxxxx,223xxxxx,8551.032,24 Hr Active Import Register (kWh),27/06/2025 00:00
100109xxxxx,223xxxxx,8538.342,24 Hr Active Import Register (kWh),26/06/2025 00:00
100109xxxxx,223xxxxx,8528.946,24 Hr Active Import Register (kWh),25/06/2025 00:00
100109xxxxx,223xxxxx,8520.166,24 Hr Active Import Register (kWh),24/06/2025 00:00
100109xxxxx,223xxxxx,8511.548,24 Hr Active Import Register (kWh),23/06/2025 00:00
100109xxxxx,223xxxxx,8500.808,24 Hr Active Import Register (kWh),22/06/2025 00:00
100109xxxxx,223xxxxx,8489.309,24 Hr Active Import Register (kWh),21/06/2025 00:00
100109xxxxx,223xxxxx,8474.264,24 Hr Active Import Register (kWh),20/06/2025 00:00
100109xxxxx,223xxxxx,8463.75,24 Hr Active Import Register (kWh),19/06/2025 00:00
100109xxxxx,223xxxxx,8455.024,24 Hr Active Import Register (kWh),18/06/2025 00:00
100109xxxxx,223xxxxx,8443.788,24 Hr Active Import Register (kWh),17/06/2025 00:00
100109xxxxx,223xxxxx,8428.93,24 Hr Active Import Register (kWh),16/06/2025 00:00
100109xxxxx,223xxxxx,8419.949,24 Hr Active Import Register (kWh),15/06/2025 00:00
100109xxxxx,223xxxxx,8410.72,24 Hr Active Import Register (kWh),14/06/2025 00:00
100109xxxxx,223xxxxx,8399.311,24 Hr Active Import Register (kWh),13/06/2025 00:00
100109xxxxx,223xxxxx,8390.26,24 Hr Active Import Register (kWh),12/06/2025 00:00
100109xxxxx,223xxxxx,8380.588,24 Hr Active Import Register (kWh),11/06/2025 00:00
100109xxxxx,223xxxxx,8372.931,24 Hr Active Import Register (kWh),10/06/2025 00:00
100109xxxxx,223xxxxx,8364.128,24 Hr Active Import Register (kWh),09/06/2025 00:00
100109xxxxx,223xxxxx,8355.125,24 Hr Active Import Register (kWh),08/06/2025 00:00
100109xxxxx,223xxxxx,8344.364,24 Hr Active Import Register (kWh),07/06/2025 00:00
100109xxxxx,223xxxxx,8333.802,24 Hr Active Import Register (kWh),06/06/2025 00:00
100109xxxxx,223xxxxx,8322.913,24 Hr Active Import Register (kWh),05/06/2025 00:00
100109xxxxx,223xxxxx,8312.026,24 Hr Active Import Register (kWh),04/06/2025 00:00
100109xxxxx,223xxxxx,8303.245,24 Hr Active Import Register (kWh),03/06/2025 00:00
100109xxxxx,223xxxxx,8292.773,24 Hr Active Import Register (kWh),02/06/2025 00:00
100109xxxxx,223xxxxx,8280.555,24 Hr Active Import Register (kWh),01/06/2025 00:00
100109xxxxx,223xxxxx,8269.312,24 Hr Active Import Register (kWh),31/05/2025 00:00
100109xxxxx,223xxxxx,8260.027,24 Hr Active Import Register (kWh),30/05/2025 00:00
100109xxxxx,223xxxxx,8253.338,24 Hr Active Import Register (kWh),29/05/2025 00:00
100109xxxxx,223xxxxx,8243.817,24 Hr Active Import Register (kWh),28/05/2025 00:00
100109xxxxx,223xxxxx,8233.832,24 Hr Active Import Register (kWh),27/05/2025 00:00
100109xxxxx,223xxxxx,8222.934,24 Hr Active Import Register (kWh),26/05/2025 00:00
100109xxxxx,223xxxxx,8214.029,24 Hr Active Import Register (kWh),25/05/2025 00:00
100109xxxxx,223xxxxx,8205.378,24 Hr Active Import Register (kWh),24/05/2025 00:00
100109xxxxx,223xxxxx,8195.938,24 Hr Active Import Register (kWh),23/05/2025 00:00
100109xxxxx,223xxxxx,8186.456,24 Hr Active Import Register (kWh),22/05/2025 00:00
100109xxxxx,223xxxxx,8175.738,24 Hr Active Import Register (kWh),21/05/2025 00:00
100109xxxxx,223xxxxx,8166.732,24 Hr Active Import Register (kWh),20/05/2025 00:00
100109xxxxx,223xxxxx,8158.664,24 Hr Active Import Register (kWh),19/05/2025 00:00
100109xxxxx,223xxxxx,8150.59,24 Hr Active Import Register (kWh),18/05/2025 00:00
100109xxxxx,223xxxxx,8141.929,24 Hr Active Import Register (kWh),17/05/2025 00:00
100109xxxxx,223xxxxx,8130.193,24 Hr Active Import Register (kWh),16/05/2025 00:00
100109xxxxx,223xxxxx,8118.505,24 Hr Active Import Register (kWh),15/05/2025 00:00
100109xxxxx,223xxxxx,8107.172,24 Hr Active Import Register (kWh),14/05/2025 00:00
100109xxxxx,223xxxxx,8096.849,24 Hr Active Import Register (kWh),13/05/2025 00:00
100109xxxxx,223xxxxx,8084.58,24 Hr Active Import Register (kWh),12/05/2025 00:00
100109xxxxx,223xxxxx,8071.06,24 Hr Active Import Register (kWh),11/05/2025 00:00
100109xxxxx,223xxxxx,8058.887,24 Hr Active Import Register (kWh),10/05/2025 00:00
100109xxxxx,223xxxxx,8044.612,24 Hr Active Import Register (kWh),09/05/2025 00:00
100109xxxxx,223xxxxx,8032.879,24 Hr Active Import Register (kWh),08/05/2025 00:00
100109xxxxx,223xxxxx,8020.523,24 Hr Active Import Register (kWh),07/05/2025 00:00
100109xxxxx,223xxxxx,8009.082,24 Hr Active Import Register (kWh),06/05/2025 00:00
100109xxxxx,223xxxxx,7996.665,24 Hr Active Import Register (kWh),05/05/2025 00:00
100109xxxxx,223xxxxx,7981.637,24 Hr Active Import Register (kWh),04/05/2025 00:00
100109xxxxx,223xxxxx,7971.536,24 Hr Active Import Register (kWh),03/05/2025 00:00
100109xxxxx,223xxxxx,7963.854,24 Hr Active Import Register (kWh),02/05/2025 00:00
100109xxxxx,223xxxxx,7954.301,24 Hr Active Import Register (kWh),01/05/2025 00:00
100109xxxxx,223xxxxx,7945.689,24 Hr Active Import Register (kWh),30/04/2025 00:00
100109xxxxx,223xxxxx,7936.351,24 Hr Active Import Register (kWh),29/04/2025 00:00
100109xxxxx,223xxxxx,7925.574,24 Hr Active Import Register (kWh),28/04/2025 00:00
100109xxxxx,223xxxxx,7914.201,24 Hr Active Import Register (kWh),27/04/2025 00:00
100109xxxxx,223xxxxx,7904.678,24 Hr Active Import Register (kWh),26/04/2025 00:00
100109xxxxx,223xxxxx,7895.225,24 Hr Active Import Register (kWh),25/04/2025 00:00
100109xxxxx,223xxxxx,7884.092,24 Hr Active Import Register (kWh),24/04/2025 00:00
100109xxxxx,223xxxxx,7872.721,24 Hr Active Import Register (kWh),23/04/2025 00:00
100109xxxxx,223xxxxx,7864.038,24 Hr Active Import Register (kWh),22/04/2025 00:00
100109xxxxx,223xxxxx,7854.804,24 Hr Active Import Register (kWh),21/04/2025 00:00
100109xxxxx,223xxxxx,7843.778,24 Hr Active Import Register (kWh),20/04/2025 00:00
100109xxxxx,223xxxxx,7832.204,24 Hr Active Import Register (kWh),19/04/2025 00:00
100109xxxxx,223xxxxx,7823.394,24 Hr Active Import Register (kWh),18/04/2025 00:00
100109xxxxx,223xxxxx,7814.612,24 Hr Active Import Register (kWh),17/04/2025 00:00
100109xxxxx,223xxxxx,7803.831,24 Hr Active Import Register (kWh),16/04/2025 00:00
100109xxxxx,223xxxxx,7794.153,24 Hr Active Import Register (kWh),15/04/2025 00:00
100109xxxxx,223xxxxx,7785.583,24 Hr Active Import Register (kWh),14/04/2025 00:00
100109xxxxx,223xxxxx,7774.772,24 Hr Active Import Register (kWh),13/04/2025 00:00
100109xxxxx,223xxxxx,7765.427,24 Hr Active Import Register (kWh),12/04/2025 00:00
100109xxxxx,223xxxxx,7755.353,24 Hr Active Import Register (kWh),11/04/2025 00:00
100109xxxxx,223xxxxx,7744.277,24 Hr Active Import Register (kWh),10/04/2025 00:00
100109xxxxx,223xxxxx,7734.878,24 Hr Active Import Register (kWh),09/04/2025 00:00
100109xxxxx,223xxxxx,7726.464,24 Hr Active Import Register (kWh),08/04/2025 00:00
100109xxxxx,223xxxxx,7717.441,24 Hr Active Import Register (kWh),07/04/2025 00:00
100109xxxxx,223xxxxx,7708.57,24 Hr Active Import Register (kWh),06/04/2025 00:00
100109xxxxx,223xxxxx,7697.562,24 Hr Active Import Register (kWh),05/04/2025 00:00
100109xxxxx,223xxxxx,7688.501,24 Hr Active Import Register (kWh),04/04/2025 00:00
100109xxxxx,223xxxxx,7680.054,24 Hr Active Import Register (kWh),03/04/2025 00:00
100109xxxxx,223xxxxx,7670.243,24 Hr Active Import Register (kWh),02/04/2025 00:00
100109xxxxx,223xxxxx,7660.908,24 Hr Active Import Register (kWh),01/04/2025 00:00
100109xxxxx,223xxxxx,7651.621,24 Hr Active Import Register (kWh),31/03/2025 00:00
100109xxxxx,223xxxxx,7643.825,24 Hr Active Import Register (kWh),30/03/2025 00:00
100109xxxxx,223xxxxx,7631.95,24 Hr Active Import Register (kWh),29/03/2025 00:00
100109xxxxx,223xxxxx,7621.573,24 Hr Active Import Register (kWh),28/03/2025 00:00
100109xxxxx,223xxxxx,7607.763,24 Hr Active Import Register (kWh),27/03/2025 00:00
100109xxxxx,223xxxxx,7600.221,24 Hr Active Import Register (kWh),26/03/2025 00:00
100109xxxxx,223xxxxx,7590.892,24 Hr Active Import Register (kWh),25/03/2025 00:00
100109xxxxx,223xxxxx,7580.528,24 Hr Active Import Register (kWh),24/03/2025 00:00
100109xxxxx,223xxxxx,7571.932,24 Hr Active Import Register (kWh),23/03/2025 00:00
100109xxxxx,223xxxxx,7562.731,24 Hr Active Import Register (kWh),22/03/2025 00:00
100109xxxxx,223xxxxx,7553.791,24 Hr Active Import Register (kWh),21/03/2025 00:00
100109xxxxx,223xxxxx,7545.678,24 Hr Active Import Register (kWh),20/03/2025 00:00
100109xxxxx,223xxxxx,7535.697,24 Hr Active Import Register (kWh),19/03/2025 00:00
100109xxxxx,223xxxxx,7527.361,24 Hr Active Import Register (kWh),18/03/2025 00:00
100109xxxxx,223xxxxx,7516.799,24 Hr Active Import Register (kWh),17/03/2025 00:00
100109xxxxx,223xxxxx,7505.51,24 Hr Active Import Register (kWh),16/03/2025 00:00
100109xxxxx,223xxxxx,7496.572,24 Hr Active Import Register (kWh),15/03/2025 00:00
100109xxxxx,223xxxxx,7483.945,24 Hr Active Import Register (kWh),14/03/2025 00:00
100109xxxxx,223xxxxx,7473.172,24 Hr Active Import Register (kWh),13/03/2025 00:00
100109xxxxx,223xxxxx,7462.956,24 Hr Active Import Register (kWh),12/03/2025 00:00
100109xxxxx,223xxxxx,7453.027,24 Hr Active Import Register (kWh),11/03/2025 00:00
100109xxxxx,223xxxxx,7442.544,24 Hr Active Import Register (kWh),10/03/2025 00:00
100109xxxxx,223xxxxx,7432.947,24 Hr Active Import Register (kWh),09/03/2025 00:00
100109xxxxx,223xxxxx,7421.189,24 Hr Active Import Register (kWh),08/03/2025 00:00
100109xxxxx,223xxxxx,7410.578,24 Hr Active Import Register (kWh),07/03/2025 00:00
100109xxxxx,223xxxxx,7393.112,24 Hr Active Import Register (kWh),06/03/2025 00:00
100109xxxxx,223xxxxx,7377.513,24 Hr Active Import Register (kWh),05/03/2025 00:00
100109xxxxx,223xxxxx,7368.095,24 Hr Active Import Register (kWh),04/03/2025 00:00
100109xxxxx,223xxxxx,7354.163,24 Hr Active Import Register (kWh),03/03/2025 00:00
100109xxxxx,223xxxxx,7338.089,24 Hr Active Import Register (kWh),02/03/2025 00:00
100109xxxxx,223xxxxx,7322.665,24 Hr Active Import Register (kWh),01/03/2025 00:00
100109xxxxx,223xxxxx,7309.339,24 Hr Active Import Register (kWh),28/02/2025 00:00
100109xxxxx,223xxxxx,7293.692,24 Hr Active Import Register (kWh),27/02/2025 00:00
100109xxxxx,223xxxxx,7277.56,24 Hr Active Import Register (kWh),26/02/2025 00:00
100109xxxxx,223xxxxx,7265.632,24 Hr Active Import Register (kWh),25/02/2025 00:00
100109xxxxx,223xxxxx,7252.638,24 Hr Active Import Register (kWh),24/02/2025 00:00
100109xxxxx,223xxxxx,7235.409,24 Hr Active Import Register (kWh),23/02/2025 00:00
100109xxxxx,223xxxxx,7216.352,24 Hr Active Import Register (kWh),22/02/2025 00:00
100109xxxxx,223xxxxx,7198.622,24 Hr Active Import Register (kWh),21/02/2025 00:00
100109xxxxx,223xxxxx,7179.819,24 Hr Active Import Register (kWh),20/02/2025 00:00
100109xxxxx,223xxxxx,7161.208,24 Hr Active Import Register (kWh),19/02/2025 00:00
100109xxxxx,223xxxxx,7141.773,24 Hr Active Import Register (kWh),18/02/2025 00:00
100109xxxxx,223xxxxx,7122.099,24 Hr Active Import Register (kWh),17/02/2025 00:00
100109xxxxx,223xxxxx,7105.15,24 Hr Active Import Register (kWh),16/02/2025 00:00
100109xxxxx,223xxxxx,7086.288,24 Hr Active Import Register (kWh),15/02/2025 00:00
100109xxxxx,223xxxxx,7067.382,24 Hr Active Import Register (kWh),14/02/2025 00:00
100109xxxxx,223xxxxx,7047.852,24 Hr Active Import Register (kWh),13/02/2025 00:00
100109xxxxx,223xxxxx,7027.958,24 Hr Active Import Register (kWh),12/02/2025 00:00
100109xxxxx,223xxxxx,7007.657,24 Hr Active Import Register (kWh),11/02/2025 00:00
100109xxxxx,223xxxxx,0,24 Hr Active Import Register (kWh),10/02/2025 00:00
100109xxxxx,223xxxxx,6966.919,24 Hr Active Import Register (kWh),09/02/2025 00:00
100109xxxxx,223xxxxx,6949.808,24 Hr Active Import Register (kWh),08/02/2025 00:00
100109xxxxx,223xxxxx,6936.762,24 Hr Active Import Register (kWh),07/02/2025 00:00
100109xxxxx,223xxxxx,6918.99,24 Hr Active Import Register (kWh),06/02/2025 00:00
100109xxxxx,223xxxxx,6905.608,24 Hr Active Import Register (kWh),05/02/2025 00:00
100109xxxxx,223xxxxx,6890.648,24 Hr Active Import Register (kWh),04/02/2025 00:00
100109xxxxx,223xxxxx,6864.485,24 Hr Active Import Register (kWh),03/02/2025 00:00
100109xxxxx,223xxxxx,6848.204,24 Hr Active Import Register (kWh),02/02/2025 00:00
100109xxxxx,223xxxxx,6827.287,24 Hr Active Import Register (kWh),01/02/2025 00:00
100109xxxxx,223xxxxx,6811.141,24 Hr Active Import Register (kWh),31/01/2025 00:00
100109xxxxx,223xxxxx,6796.29,24 Hr Active Import Register (kWh),30/01/2025 00:00
100109xxxxx,223xxxxx,6777.566,24 Hr Active Import Register (kWh),29/01/2025 00:00
100109xxxxx,223xxxxx,6758.921,24 Hr Active Import Register (kWh),28/01/2025 00:00
100109xxxxx,223xxxxx,0,24 Hr Active Import Register (kWh),27/01/2025 00:00
100109xxxxx,223xxxxx,0,24 Hr Active Import Register (kWh),26/01/2025 00:00
100109xxxxx,223xxxxx,6756.633,24 Hr Active Import Register (kWh),25/01/2025 00:00
100109xxxxx,223xxxxx,6754.074,24 Hr Active Import Register (kWh),24/01/2025 00:00
100109xxxxx,223xxxxx,0,24 Hr Active Import Register (kWh),23/01/2025 00:00
100109xxxxx,223xxxxx,6729.429,24 Hr Active Import Register (kWh),22/01/2025 00:00
100109xxxxx,223xxxxx,6719.146,24 Hr Active Import Register (kWh),21/01/2025 00:00
100109xxxxx,223xxxxx,6705.665,24 Hr Active Import Register (kWh),20/01/2025 00:00
100109xxxxx,223xxxxx,6692.368,24 Hr Active Import Register (kWh),19/01/2025 00:00
100109xxxxx,223xxxxx,6682.677,24 Hr Active Import Register (kWh),18/01/2025 00:00
100109xxxxx,223xxxxx,6669.63,24 Hr Active Import Register (kWh),17/01/2025 00:00
100109xxxxx,223xxxxx,6659.294,24 Hr Active Import Register (kWh),16/01/2025 00:00
100109xxxxx,223xxxxx,6647.738,24 Hr Active Import Register (kWh),15/01/2025 00:00
100109xxxxx,223xxxxx,6629.517,24 Hr Active Import Register (kWh),14/01/2025 00:00
100109xxxxx,223xxxxx,6614.42,24 Hr Active Import Register (kWh),13/01/2025 00:00
100109xxxxx,223xxxxx,6601.422,24 Hr Active Import Register (kWh),12/01/2025 00:00
100109xxxxx,223xxxxx,6591.937,24 Hr Active Import Register (kWh),11/01/2025 00:00
100109xxxxx,223xxxxx,6578.034,24 Hr Active Import Register (kWh),10/01/2025 00:00
100109xxxxx,223xxxxx,6567.991,24 Hr Active Import Register (kWh),09/01/2025 00:00
100109xxxxx,223xxxxx,6555.435,24 Hr Active Import Register (kWh),08/01/2025 00:00
100109xxxxx,223xxxxx,6545.253,24 Hr Active Import Register (kWh),07/01/2025 00:00
100109xxxxx,223xxxxx,6534.876,24 Hr Active Import Register (kWh),06/01/2025 00:00
100109xxxxx,223xxxxx,6525.9,24 Hr Active Import Register (kWh),05/01/2025 00:00
100109xxxxx,223xxxxx,6510.531,24 Hr Active Import Register (kWh),04/01/2025 00:00
100109xxxxx,223xxxxx,6500.133,24 Hr Active Import Register (kWh),03/01/2025 00:00
100109xxxxx,223xxxxx,6486.895,24 Hr Active Import Register (kWh),02/01/2025 00:00
100109xxxxx,223xxxxx,6474.64,24 Hr Active Import Register (kWh),01/01/2025 00:00
100109xxxxx,223xxxxx,6463.155,24 Hr Active Import Register (kWh),31/12/2024 00:00
100109xxxxx,223xxxxx,6453.643,24 Hr Active Import Register (kWh),30/12/2024 00:00
100109xxxxx,223xxxxx,6442.464,24 Hr Active Import Register (kWh),29/12/2024 00:00
100109xxxxx,223xxxxx,6432.048,24 Hr Active Import Register (kWh),28/12/2024 00:00
100109xxxxx,223xxxxx,6415.566,24 Hr Active Import Register (kWh),27/12/2024 00:00
100109xxxxx,223xxxxx,6402.713,24 Hr Active Import Register (kWh),26/12/2024 00:00
100109xxxxx,223xxxxx,6383.312,24 Hr Active Import Register (kWh),25/12/2024 00:00
100109xxxxx,223xxxxx,6373.018,24 Hr Active Import Register (kWh),24/12/2024 00:00
100109xxxxx,223xxxxx,6363.164,24 Hr Active Import Register (kWh),23/12/2024 00:00
100109xxxxx,223xxxxx,6349.568,24 Hr Active Import Register (kWh),22/12/2024 00:00
100109xxxxx,223xxxxx,6336.732,24 Hr Active Import Register (kWh),21/12/2024 00:00
100109xxxxx,223xxxxx,6326.807,24 Hr Active Import Register (kWh),20/12/2024 00:00
100109xxxxx,223xxxxx,6316.253,24 Hr Active Import Register (kWh),19/12/2024 00:00
100109xxxxx,223xxxxx,6305.274,24 Hr Active Import Register (kWh),18/12/2024 00:00
100109xxxxx,223xxxxx,6293.777,24 Hr Active Import Register (kWh),17/12/2024 00:00
100109xxxxx,223xxxxx,6282.971,24 Hr Active Import Register (kWh),16/12/2024 00:00
100109xxxxx,223xxxxx,6273.288,24 Hr Active Import Register (kWh),15/12/2024 00:00
100109xxxxx,223xxxxx,6261.142,24 Hr Active Import Register (kWh),14/12/2024 00:00
100109xxxxx,223xxxxx,6247.716,24 Hr Active Import Register (kWh),13/12/2024 00:00
100109xxxxx,223xxxxx,6235.844,24 Hr Active Import Register (kWh),12/12/2024 00:00
100109xxxxx,223xxxxx,6222.768,24 Hr Active Import Register (kWh),11/12/2024 00:00
100109xxxxx,223xxxxx,6215.128,24 Hr Active Import Register (kWh),10/12/2024 00:00
100109xxxxx,223xxxxx,6202.114,24 Hr Active Import Register (kWh),09/12/2024 00:00
100109xxxxx,223xxxxx,6193.335,24 Hr Active Import Register (kWh),08/12/2024 00:00
100109xxxxx,223xxxxx,6179.594,24 Hr Active Import Register (kWh),07/12/2024 00:00
100109xxxxx,223xxxxx,6169.249,24 Hr Active Import Register (kWh),06/12/2024 00:00
100109xxxxx,223xxxxx,6158.166,24 Hr Active Import Register (kWh),05/12/2024 00:00
100109xxxxx,223xxxxx,6147.389,24 Hr Active Import Register (kWh),04/12/2024 00:00
100109xxxxx,223xxxxx,6137.186,24 Hr Active Import Register (kWh),03/12/2024 00:00
100109xxxxx,223xxxxx,6126.006,24 Hr Active Import Register (kWh),02/12/2024 00:00
100109xxxxx,223xxxxx,6115.573,24 Hr Active Import Register (kWh),01/12/2024 00:00
100109xxxxx,223xxxxx,6107.409,24 Hr Active Import Register (kWh),30/11/2024 00:00
100109xxxxx,223xxxxx,6100.296,24 Hr Active Import Register (kWh),29/11/2024 00:00
100109xxxxx,223xxxxx,6085.674,24 Hr Active Import Register (kWh),28/11/2024 00:00
100109xxxxx,223xxxxx,6069.211,24 Hr Active Import Register (kWh),27/11/2024 00:00
100109xxxxx,223xxxxx,6057.467,24 Hr Active Import Register (kWh),26/11/2024 00:00
100109xxxxx,223xxxxx,6047.478,24 Hr Active Import Register (kWh),25/11/2024 00:00
100109xxxxx,223xxxxx,6038.115,24 Hr Active Import Register (kWh),24/11/2024 00:00
100109xxxxx,223xxxxx,6029.118,24 Hr Active Import Register (kWh),23/11/2024 00:00
100109xxxxx,223xxxxx,6018.632,24 Hr Active Import Register (kWh),22/11/2024 00:00
100109xxxxx,223xxxxx,6004.798,24 Hr Active Import Register (kWh),21/11/2024 00:00
100109xxxxx,223xxxxx,5990.559,24 Hr Active Import Register (kWh),20/11/2024 00:00
100109xxxxx,223xxxxx,5980.178,24 Hr Active Import Register (kWh),19/11/2024 00:00
100109xxxxx,223xxxxx,5964.778,24 Hr Active Import Register (kWh),18/11/2024 00:00
100109xxxxx,223xxxxx,5953.597,24 Hr Active Import Register (kWh),17/11/2024 00:00
100109xxxxx,223xxxxx,5944.642,24 Hr Active Import Register (kWh),16/11/2024 00:00
100109xxxxx,223xxxxx,5935.818,24 Hr Active Import Register (kWh),15/11/2024 00:00
100109xxxxx,223xxxxx,5925.054,24 Hr Active Import Register (kWh),14/11/2024 00:00
100109xxxxx,223xxxxx,5914.225,24 Hr Active Import Register (kWh),13/11/2024 00:00
100109xxxxx,223xxxxx,5906.935,24 Hr Active Import Register (kWh),12/11/2024 00:00
100109xxxxx,223xxxxx,5892.854,24 Hr Active Import Register (kWh),11/11/2024 00:00
100109xxxxx,223xxxxx,5884.243,24 Hr Active Import Register (kWh),10/11/2024 00:00
100109xxxxx,223xxxxx,5872.12,24 Hr Active Import Register (kWh),09/11/2024 00:00
100109xxxxx,223xxxxx,5861.151,24 Hr Active Import Register (kWh),08/11/2024 00:00
100109xxxxx,223xxxxx,5850.021,24 Hr Active Import Register (kWh),07/11/2024 00:00
100109xxxxx,223xxxxx,5838.446,24 Hr Active Import Register (kWh),06/11/2024 00:00
100109xxxxx,223xxxxx,5828.073,24 Hr Active Import Register (kWh),05/11/2024 00:00
100109xxxxx,223xxxxx,5814.201,24 Hr Active Import Register (kWh),04/11/2024 00:00
100109xxxxx,223xxxxx,5799.331,24 Hr Active Import Register (kWh),03/11/2024 00:00
100109xxxxx,223xxxxx,5785.535,24 Hr Active Import Register (kWh),02/11/2024 00:00
100109xxxxx,223xxxxx,5770.695,24 Hr Active Import Register (kWh),01/11/2024 00:00
100109xxxxx,223xxxxx,5760.536,24 Hr Active Import Register (kWh),31/10/2024 00:00
100109xxxxx,223xxxxx,5747.741,24 Hr Active Import Register (kWh),30/10/2024 00:00
100109xxxxx,223xxxxx,5740.386,24 Hr Active Import Register (kWh),29/10/2024 00:00
100109xxxxx,223xxxxx,5729.201,24 Hr Active Import Register (kWh),28/10/2024 00:00
100109xxxxx,223xxxxx,5711.382,24 Hr Active Import Register (kWh),27/10/2024 00:00
100109xxxxx,223xxxxx,5695.233,24 Hr Active Import Register (kWh),26/10/2024 00:00
100109xxxxx,223xxxxx,5680.485,24 Hr Active Import Register (kWh),25/10/2024 00:00
100109xxxxx,223xxxxx,5669.088,24 Hr Active Import Register (kWh),24/10/2024 00:00
100109xxxxx,223xxxxx,5658.431,24 Hr Active Import Register (kWh),23/10/2024 00:00
100109xxxxx,223xxxxx,5648.399,24 Hr Active Import Register (kWh),22/10/2024 00:00
100109xxxxx,223xxxxx,5636.717,24 Hr Active Import Register (kWh),21/10/2024 00:00
100109xxxxx,223xxxxx,5626.768,24 Hr Active Import Register (kWh),20/10/2024 00:00
100109xxxxx,223xxxxx,5615.389,24 Hr Active Import Register (kWh),19/10/2024 00:00
100109xxxxx,223xxxxx,5605.598,24 Hr Active Import Register (kWh),18/10/2024 00:00
100109xxxxx,223xxxxx,5597.669,24 Hr Active Import Register (kWh),17/10/2024 00:00
100109xxxxx,223xxxxx,5586.398,24 Hr Active Import Register (kWh),16/10/2024 00:00
100109xxxxx,223xxxxx,5576.699,24 Hr Active Import Register (kWh),15/10/2024 00:00
100109xxxxx,223xxxxx,5564.515,24 Hr Active Import Register (kWh),14/10/2024 00:00
100109xxxxx,223xxxxx,5555.081,24 Hr Active Import Register (kWh),13/10/2024 00:00
100109xxxxx,223xxxxx,5545.249,24 Hr Active Import Register (kWh),12/10/2024 00:00
100109xxxxx,223xxxxx,5534.338,24 Hr Active Import Register (kWh),11/10/2024 00:00
100109xxxxx,223xxxxx,5523.865,24 Hr Active Import Register (kWh),10/10/2024 00:00
100109xxxxx,223xxxxx,5511.635,24 Hr Active Import Register (kWh),09/10/2024 00:00
100109xxxxx,223xxxxx,5502.774,24 Hr Active Import Register (kWh),08/10/2024 00:00
100109xxxxx,223xxxxx,5490.56,24 Hr Active Import Register (kWh),07/10/2024 00:00
100109xxxxx,223xxxxx,5481.84,24 Hr Active Import Register (kWh),06/10/2024 00:00
100109xxxxx,223xxxxx,5469.79,24 Hr Active Import Register (kWh),05/10/2024 00:00
100109xxxxx,223xxxxx,5457.207,24 Hr Active Import Register (kWh),04/10/2024 00:00
100109xxxxx,223xxxxx,0,24 Hr Active Import Register (kWh),03/10/2024 00:00
100109xxxxx,223xxxxx,5436.408,24 Hr Active Import Register (kWh),02/10/2024 00:00
100109xxxxx,223xxxxx,5427.32,24 Hr Active Import Register (kWh),01/10/2024 00:00
100109xxxxx,223xxxxx,5414.834,24 Hr Active Import Register (kWh),30/09/2024 00:00
100109xxxxx,223xxxxx,5403.459,24 Hr Active Import Register (kWh),29/09/2024 00:00
100109xxxxx,223xxxxx,5394.833,24 Hr Active Import Register (kWh),28/09/2024 00:00
100109xxxxx,223xxxxx,5385.373,24 Hr Active Import Register (kWh),27/09/2024 00:00
100109xxxxx,223xxxxx,5376.28,24 Hr Active Import Register (kWh),26/09/2024 00:00
100109xxxxx,223xxxxx,5367.914,24 Hr Active Import Register (kWh),25/09/2024 00:00
100109xxxxx,223xxxxx,5358.662,24 Hr Active Import Register (kWh),24/09/2024 00:00
100109xxxxx,223xxxxx,5347.958,24 Hr Active Import Register (kWh),23/09/2024 00:00
100109xxxxx,223xxxxx,5338.404,24 Hr Active Import Register (kWh),22/09/2024 00:00
100109xxxxx,223xxxxx,5327.284,24 Hr Active Import Register (kWh),21/09/2024 00:00
100109xxxxx,223xxxxx,5316.582,24 Hr Active Import Register (kWh),20/09/2024 00:00
100109xxxxx,223xxxxx,5306.363,24 Hr Active Import Register (kWh),19/09/2024 00:00
100109xxxxx,223xxxxx,5294.304,24 Hr Active Import Register (kWh),18/09/2024 00:00
100109xxxxx,223xxxxx,5279.656,24 Hr Active Import Register (kWh),17/09/2024 00:00
100109xxxxx,223xxxxx,5266.846,24 Hr Active Import Register (kWh),16/09/2024 00:00
100109xxxxx,223xxxxx,5255.797,24 Hr Active Import Register (kWh),15/09/2024 00:00
100109xxxxx,223xxxxx,5244.476,24 Hr Active Import Register (kWh),14/09/2024 00:00
100109xxxxx,223xxxxx,5233.542,24 Hr Active Import Register (kWh),13/09/2024 00:00
100109xxxxx,223xxxxx,0,24 Hr Active Import Register (kWh),12/09/2024 00:00
100109xxxxx,223xxxxx,5213.392,24 Hr Active Import Register (kWh),11/09/2024 00:00
100109xxxxx,223xxxxx,5204.647,24 Hr Active Import Register (kWh),10/09/2024 00:00
100109xxxxx,223xxxxx,5194.292,24 Hr Active Import Register (kWh),09/09/2024 00:00
100109xxxxx,223xxxxx,5186.187,24 Hr Active Import Register (kWh),08/09/2024 00:00
100109xxxxx,223xxxxx,5174.115,24 Hr Active Import Register (kWh),07/09/2024 00:00
100109xxxxx,223xxxxx,5164.342,24 Hr Active Import Register (kWh),06/09/2024 00:00
100109xxxxx,223xxxxx,5155.701,24 Hr Active Import Register (kWh),05/09/2024 00:00
100109xxxxx,223xxxxx,5146.88,24 Hr Active Import Register (kWh),04/09/2024 00:00
100109xxxxx,223xxxxx,5133.796,24 Hr Active Import Register (kWh),03/09/2024 00:00
100109xxxxx,223xxxxx,5122.074,24 Hr Active Import Register (kWh),02/09/2024 00:00
100109xxxxx,223xxxxx,5111.808,24 Hr Active Import Register (kWh),01/09/2024 00:00
100109xxxxx,223xxxxx,5098.967,24 Hr Active Import Register (kWh),31/08/2024 00:00
100109xxxxx,223xxxxx,5087.419,24 Hr Active Import Register (kWh),30/08/2024 00:00
100109xxxxx,223xxxxx,5076.789,24 Hr Active Import Register (kWh),29/08/2024 00:00
100109xxxxx,223xxxxx,5069.374,24 Hr Active Import Register (kWh),28/08/2024 00:00
100109xxxxx,223xxxxx,5060.222,24 Hr Active Import Register (kWh),27/08/2024 00:00
100109xxxxx,223xxxxx,5048.894,24 Hr Active Import Register (kWh),26/08/2024 00:00
100109xxxxx,223xxxxx,5039.198,24 Hr Active Import Register (kWh),25/08/2024 00:00
100109xxxxx,223xxxxx,5027.543,24 Hr Active Import Register (kWh),24/08/2024 00:00
100109xxxxx,223xxxxx,5017.773,24 Hr Active Import Register (kWh),23/08/2024 00:00
100109xxxxx,223xxxxx,5007.949,24 Hr Active Import Register (kWh),22/08/2024 00:00
100109xxxxx,223xxxxx,4999.258,24 Hr Active Import Register (kWh),21/08/2024 00:00
100109xxxxx,223xxxxx,4989.189,24 Hr Active Import Register (kWh),20/08/2024 00:00
100109xxxxx,223xxxxx,4979.401,24 Hr Active Import Register (kWh),19/08/2024 00:00
100109xxxxx,223xxxxx,4970.886,24 Hr Active Import Register (kWh),18/08/2024 00:00
100109xxxxx,223xxxxx,4958.9,24 Hr Active Import Register (kWh),17/08/2024 00:00
100109xxxxx,223xxxxx,4948.916,24 Hr Active Import Register (kWh),16/08/2024 00:00
100109xxxxx,223xxxxx,4937.305,24 Hr Active Import Register (kWh),15/08/2024 00:00
100109xxxxx,223xxxxx,4927.917,24 Hr Active Import Register (kWh),14/08/2024 00:00
100109xxxxx,223xxxxx,4919.223,24 Hr Active Import Register (kWh),13/08/2024 00:00
100109xxxxx,223xxxxx,4910.321,24 Hr Active Import Register (kWh),12/08/2024 00:00
100109xxxxx,223xxxxx,4900.012,24 Hr Active Import Register (kWh),11/08/2024 00:00
100109xxxxx,223xxxxx,4891.995,24 Hr Active Import Register (kWh),10/08/2024 00:00
100109xxxxx,223xxxxx,4882.138,24 Hr Active Import Register (kWh),09/08/2024 00:00
100109xxxxx,223xxxxx,4873.908,24 Hr Active Import Register (kWh),08/08/2024 00:00
100109xxxxx,223xxxxx,4865.431,24 Hr Active Import Register (kWh),07/08/2024 00:00
100109xxxxx,223xxxxx,4854.01,24 Hr Active Import Register (kWh),06/08/2024 00:00
100109xxxxx,223xxxxx,4845.014,24 Hr Active Import Register (kWh),05/08/2024 00:00
100109xxxxx,223xxxxx,4836.387,24 Hr Active Import Register (kWh),04/08/2024 00:00
100109xxxxx,223xxxxx,4825.525,24 Hr Active Import Register (kWh),03/08/2024 00:00
100109xxxxx,223xxxxx,4815.54,24 Hr Active Import Register (kWh),02/08/2024 00:00
100109xxxxx,223xxxxx,4807.083,24 Hr Active Import Register (kWh),01/08/2024 00:00
100109xxxxx,223xxxxx,4796.912,24 Hr Active Import Register (kWh),31/07/2024 00:00
100109xxxxx,223xxxxx,4786.547,24 Hr Active Import Register (kWh),30/07/2024 00:00
100109xxxxx,223xxxxx,4776.878,24 Hr Active Import Register (kWh),29/07/2024 00:00
100109xxxxx,223xxxxx,4765.451,24 Hr Active Import Register (kWh),28/07/2024 00:00
100109xxxxx,223xxxxx,4754.903,24 Hr Active Import Register (kWh),27/07/2024 00:00
100109xxxxx,223xxxxx,4743.24,24 Hr Active Import Register (kWh),26/07/2024 00:00
100109xxxxx,223xxxxx,4732.19,24 Hr Active Import Register (kWh),25/07/2024 00:00
100109xxxxx,223xxxxx,4721.613,24 Hr Active Import Register (kWh),24/07/2024 00:00
100109xxxxx,223xxxxx,4712.514,24 Hr Active Import Register (kWh),23/07/2024 00:00
100109xxxxx,223xxxxx,4705.012,24 Hr Active Import Register (kWh),22/07/2024 00:00
100109xxxxx,223xxxxx,4694.889,24 Hr Active Import Register (kWh),21/07/2024 00:00
100109xxxxx,223xxxxx,4678.829,24 Hr Active Import Register (kWh),20/07/2024 00:00
100109xxxxx,223xxxxx,4669.634,24 Hr Active Import Register (kWh),19/07/2024 00:00
100109xxxxx,223xxxxx,4656.411,24 Hr Active Import Register (kWh),18/07/2024 00:00
100109xxxxx,223xxxxx,4642.108,24 Hr Active Import Register (kWh),17/07/2024 00:00
100109xxxxx,223xxxxx,4632.819,24 Hr Active Import Register (kWh),16/07/2024 00:00
100109xxxxx,223xxxxx,4622.894,24 Hr Active Import Register (kWh),15/07/2024 00:00
100109xxxxx,223xxxxx,4613.89,24 Hr Active Import Register (kWh),14/07/2024 00:00
100109xxxxx,223xxxxx,4602.853,24 Hr Active Import Register (kWh),13/07/2024 00:00
100109xxxxx,223xxxxx,4591.972,24 Hr Active Import Register (kWh),12/07/2024 00:00
100109xxxxx,223xxxxx,4583.908,24 Hr Active Import Register (kWh),11/07/2024 00:00
100109xxxxx,223xxxxx,4575.034,24 Hr Active Import Register (kWh),10/07/2024 00:00
100109xxxxx,223xxxxx,4566.535,24 Hr Active Import Register (kWh),09/07/2024 00:00
100109xxxxx,223xxxxx,4558.707,24 Hr Active Import Register (kWh),08/07/2024 00:00
100109xxxxx,223xxxxx,4547.069,24 Hr Active Import Register (kWh),07/07/2024 00:00
100109xxxxx,223xxxxx,4536.416,24 Hr Active Import Register (kWh),06/07/2024 00:00
100109xxxxx,223xxxxx,4528.084,24 Hr Active Import Register (kWh),05/07/2024 00:00
100109xxxxx,223xxxxx,4518.551,24 Hr Active Import Register (kWh),04/07/2024 00:00
100109xxxxx,223xxxxx,4504.209,24 Hr Active Import Register (kWh),03/07/2024 00:00
100109xxxxx,223xxxxx,4495.865,24 Hr Active Import Register (kWh),02/07/2024 00:00
100109xxxxx,223xxxxx,4481.735,24 Hr Active Import Register (kWh),01/07/2024 00:00
100109xxxxx,223xxxxx,4469.564,24 Hr Active Import Register (kWh),30/06/2024 00:00
100109xxxxx,223xxxxx,4454.925,24 Hr Active Import Register (kWh),29/06/2024 00:00
100109xxxxx,223xxxxx,4442.83,24 Hr Active Import Register (kWh),28/06/2024 00:00
100109xxxxx,223xxxxx,4429.681,24 Hr Active Import Register (kWh),27/06/2024 00:00
100109xxxxx,223xxxxx,4420.194,24 Hr Active Import Register (kWh),26/06/2024 00:00
100109xxxxx,223xxxxx,4409.341,24 Hr Active Import Register (kWh),25/06/2024 00:00
100109xxxxx,223xxxxx,4397.617,24 Hr Active Import Register (kWh),24/06/2024 00:00
100109xxxxx,223xxxxx,4383.299,24 Hr Active Import Register (kWh),23/06/2024 00:00
100109xxxxx,223xxxxx,4367.692,24 Hr Active Import Register (kWh),22/06/2024 00:00
100109xxxxx,223xxxxx,4350.449,24 Hr Active Import Register (kWh),21/06/2024 00:00
100109xxxxx,223xxxxx,4326.925,24 Hr Active Import Register (kWh),20/06/2024 00:00
100109xxxxx,223xxxxx,4305.863,24 Hr Active Import Register (kWh),19/06/2024 00:00
100109xxxxx,223xxxxx,4293.312,24 Hr Active Import Register (kWh),18/06/2024 00:00
100109xxxxx,223xxxxx,4281.844,24 Hr Active Import Register (kWh),17/06/2024 00:00
100109xxxxx,223xxxxx,4269.423,24 Hr Active Import Register (kWh),16/06/2024 00:00
100109xxxxx,223xxxxx,4256.034,24 Hr Active Import Register (kWh),15/06/2024 00:00
100109xxxxx,223xxxxx,4229.834,24 Hr Active Import Register (kWh),14/06/2024 00:00
100109xxxxx,223xxxxx,4207.258,24 Hr Active Import Register (kWh),13/06/2024 00:00
100109xxxxx,223xxxxx,4182.82,24 Hr Active Import Register (kWh),12/06/2024 00:00
100109xxxxx,223xxxxx,4168.13,24 Hr Active Import Register (kWh),11/06/2024 00:00
100109xxxxx,223xxxxx,4153.661,24 Hr Active Import Register (kWh),10/06/2024 00:00
100109xxxxx,223xxxxx,4139.173,24 Hr Active Import Register (kWh),09/06/2024 00:00
100109xxxxx,223xxxxx,4130.183,24 Hr Active Import Register (kWh),08/06/2024 00:00
100109xxxxx,223xxxxx,4119.319,24 Hr Active Import Register (kWh),07/06/2024 00:00
100109xxxxx,223xxxxx,4104.25,24 Hr Active Import Register (kWh),06/06/2024 00:00
100109xxxxx,223xxxxx,4083.299,24 Hr Active Import Register (kWh),05/06/2024 00:00
100109xxxxx,223xxxxx,4068.195,24 Hr Active Import Register (kWh),04/06/2024 00:00
100109xxxxx,223xxxxx,4059.444,24 Hr Active Import Register (kWh),03/06/2024 00:00
100109xxxxx,223xxxxx,4046.019,24 Hr Active Import Register (kWh),02/06/2024 00:00
100109xxxxx,223xxxxx,4026.111,24 Hr Active Import Register (kWh),01/06/2024 00:00
100109xxxxx,223xxxxx,4014.096,24 Hr Active Import Register (kWh),31/05/2024 00:00
100109xxxxx,223xxxxx,3998.707,24 Hr Active Import Register (kWh),30/05/2024 00:00
100109xxxxx,223xxxxx,3982.748,24 Hr Active Import Register (kWh),29/05/2024 00:00
100109xxxxx,223xxxxx,3966.057,24 Hr Active Import Register (kWh),28/05/2024 00:00
100109xxxxx,223xxxxx,3953.737,24 Hr Active Import Register (kWh),27/05/2024 00:00
100109xxxxx,223xxxxx,3941.936,24 Hr Active Import Register (kWh),26/05/2024 00:00
100109xxxxx,223xxxxx,3928.669,24 Hr Active Import Register (kWh),25/05/2024 00:00
100109xxxxx,223xxxxx,3913.539,24 Hr Active Import Register (kWh),24/05/2024 00:00
100109xxxxx,223xxxxx,3901.992,24 Hr Active Import Register (kWh),23/05/2024 00:00
100109xxxxx,223xxxxx,3887.188,24 Hr Active Import Register (kWh),22/05/2024 00:00
100109xxxxx,223xxxxx,3875.618,24 Hr Active Import Register (kWh),21/05/2024 00:00
100109xxxxx,223xxxxx,3858.378,24 Hr Active Import Register (kWh),20/05/2024 00:00
100109xxxxx,223xxxxx,3842.578,24 Hr Active Import Register (kWh),19/05/2024 00:00
100109xxxxx,223xxxxx,3829.381,24 Hr Active Import Register (kWh),18/05/2024 00:00
100109xxxxx,223xxxxx,3816.44,24 Hr Active Import Register (kWh),17/05/2024 00:00
100109xxxxx,223xxxxx,3803.768,24 Hr Active Import Register (kWh),16/05/2024 00:00
100109xxxxx,223xxxxx,3791.18,24 Hr Active Import Register (kWh),15/05/2024 00:00
100109xxxxx,223xxxxx,3778.919,24 Hr Active Import Register (kWh),14/05/2024 00:00
100109xxxxx,223xxxxx,3766.43,24 Hr Active Import Register (kWh),13/05/2024 00:00
100109xxxxx,223xxxxx,3754.049,24 Hr Active Import Register (kWh),12/05/2024 00:00
100109xxxxx,223xxxxx,3732.664,24 Hr Active Import Register (kWh),11/05/2024 00:00
100109xxxxx,223xxxxx,3723.061,24 Hr Active Import Register (kWh),10/05/2024 00:00
100109xxxxx,223xxxxx,3713.331,24 Hr Active Import Register (kWh),09/05/2024 00:00
100109xxxxx,223xxxxx,3702.122,24 Hr Active Import Register (kWh),08/05/2024 00:00
100109xxxxx,223xxxxx,3690.103,24 Hr Active Import Register (kWh),07/05/2024 00:00
100109xxxxx,223xxxxx,3670.245,24 Hr Active Import Register (kWh),06/05/2024 00:00
100109xxxxx,223xxxxx,3655.318,24 Hr Active Import Register (kWh),05/05/2024 00:00
100109xxxxx,223xxxxx,3648.144,24 Hr Active Import Register (kWh),04/05/2024 00:00
100109xxxxx,223xxxxx,3635.126,24 Hr Active Import Register (kWh),03/05/2024 00:00
100109xxxxx,223xxxxx,3623.811,24 Hr Active Import Register (kWh),02/05/2024 00:00
100109xxxxx,223xxxxx,3612.288,24 Hr Active Import Register (kWh),01/05/2024 00:00
100109xxxxx,223xxxxx,3602.232,24 Hr Active Import Register (kWh),30/04/2024 00:00
100109xxxxx,223xxxxx,3593.185,24 Hr Active Import Register (kWh),29/04/2024 00:00
100109xxxxx,223xxxxx,3579.086,24 Hr Active Import Register (kWh),28/04/2024 00:00
100109xxxxx,223xxxxx,3570.798,24 Hr Active Import Register (kWh),27/04/2024 00:00
100109xxxxx,223xxxxx,3558.36,24 Hr Active Import Register (kWh),26/04/2024 00:00
100109xxxxx,223xxxxx,3541.585,24 Hr Active Import Register (kWh),25/04/2024 00:00
100109xxxxx,223xxxxx,3530.801,24 Hr Active Import Register (kWh),24/04/2024 00:00
100109xxxxx,223xxxxx,3521.176,24 Hr Active Import Register (kWh),23/04/2024 00:00
100109xxxxx,223xxxxx,3512.158,24 Hr Active Import Register (kWh),22/04/2024 00:00
100109xxxxx,223xxxxx,3498.141,24 Hr Active Import Register (kWh),21/04/2024 00:00
100109xxxxx,223xxxxx,3487.653,24 Hr Active Import Register (kWh),20/04/2024 00:00
100109xxxxx,223xxxxx,3475.255,24 Hr Active Import Register (kWh),19/04/2024 00:00
100109xxxxx,223xxxxx,3463.351,24 Hr Active Import Register (kWh),18/04/2024 00:00
100109xxxxx,223xxxxx,3452.655,24 Hr Active Import Register (kWh),17/04/2024 00:00
100109xxxxx,223xxxxx,3442.502,24 Hr Active Import Register (kWh),16/04/2024 00:00
100109xxxxx,223xxxxx,3433.306,24 Hr Active Import Register (kWh),15/04/2024 00:00
100109xxxxx,223xxxxx,3419.645,24 Hr Active Import Register (kWh),14/04/2024 00:00
100109xxxxx,223xxxxx,3408.633,24 Hr Active Import Register (kWh),13/04/2024 00:00
100109xxxxx,223xxxxx,3400.171,24 Hr Active Import Register (kWh),12/04/2024 00:00
100109xxxxx,223xxxxx,3390.588,24 Hr Active Import Register (kWh),11/04/2024 00:00
100109xxxxx,223xxxxx,3379.568,24 Hr Active Import Register (kWh),10/04/2024 00:00
100109xxxxx,223xxxxx,3370.201,24 Hr Active Import Register (kWh),09/04/2024 00:00
100109xxxxx,223xxxxx,3361.578,24 Hr Active Import Register (kWh),08/04/2024 00:00
100109xxxxx,223xxxxx,3347.5,24 Hr Active Import Register (kWh),07/04/2024 00:00
100109xxxxx,223xxxxx,3338.344,24 Hr Active Import Register (kWh),06/04/2024 00:00
100109xxxxx,223xxxxx,3328.681,24 Hr Active Import Register (kWh),05/04/2024 00:00
100109xxxxx,223xxxxx,3316.003,24 Hr Active Import Register (kWh),04/04/2024 00:00
100109xxxxx,223xxxxx,3304.151,24 Hr Active Import Register (kWh),03/04/2024 00:00
100109xxxxx,223xxxxx,3294.027,24 Hr Active Import Register (kWh),02/04/2024 00:00
100109xxxxx,223xxxxx,3279.749,24 Hr Active Import Register (kWh),01/04/2024 00:00
100109xxxxx,223xxxxx,3269.663,24 Hr Active Import Register (kWh),31/03/2024 00:00
100109xxxxx,223xxxxx,3257.901,24 Hr Active Import Register (kWh),30/03/2024 00:00
100109xxxxx,223xxxxx,3247.925,24 Hr Active Import Register (kWh),29/03/2024 00:00
100109xxxxx,223xxxxx,3238.011,24 Hr Active Import Register (kWh),28/03/2024 00:00
100109xxxxx,223xxxxx,3226.408,24 Hr Active Import Register (kWh),27/03/2024 00:00
100109xxxxx,223xxxxx,3209.907,24 Hr Active Import Register (kWh),26/03/2024 00:00
100109xxxxx,223xxxxx,3199.888,24 Hr Active Import Register (kWh),25/03/2024 00:00
100109xxxxx,223xxxxx,3189.016,24 Hr Active Import Register (kWh),24/03/2024 00:00
100109xxxxx,223xxxxx,3173.475,24 Hr Active Import Register (kWh),23/03/2024 00:00
100109xxxxx,223xxxxx,3159.976,24 Hr Active Import Register (kWh),22/03/2024 00:00
100109xxxxx,223xxxxx,3150.049,24 Hr Active Import Register (kWh),21/03/2024 00:00
100109xxxxx,223xxxxx,3140.357,24 Hr Active Import Register (kWh),20/03/2024 00:00
100109xxxxx,223xxxxx,3129.891,24 Hr Active Import Register (kWh),19/03/2024 00:00
100109xxxxx,223xxxxx,3116.283,24 Hr Active Import Register (kWh),18/03/2024 00:00
100109xxxxx,223xxxxx,3106.333,24 Hr Active Import Register (kWh),17/03/2024 00:00
100109xxxxx,223xxxxx,3092.66,24 Hr Active Import Register (kWh),16/03/2024 00:00
100109xxxxx,223xxxxx,3077.074,24 Hr Active Import Register (kWh),15/03/2024 00:00
100109xxxxx,223xxxxx,3063.406,24 Hr Active Import Register (kWh),14/03/2024 00:00
100109xxxxx,223xxxxx,3052.527,24 Hr Active Import Register (kWh),13/03/2024 00:00
100109xxxxx,223xxxxx,3038.975,24 Hr Active Import Register (kWh),12/03/2024 00:00
100109xxxxx,223xxxxx,3027.89,24 Hr Active Import Register (kWh),11/03/2024 00:00
100109xxxxx,223xxxxx,3015.441,24 Hr Active Import Register (kWh),10/03/2024 00:00
100109xxxxx,223xxxxx,3001.341,24 Hr Active Import Register (kWh),09/03/2024 00:00
100109xxxxx,223xxxxx,2984.063,24 Hr Active Import Register (kWh),08/03/2024 00:00
100109xxxxx,223xxxxx,2972.112,24 Hr Active Import Register (kWh),07/03/2024 00:00
100109xxxxx,223xxxxx,2959.539,24 Hr Active Import Register (kWh),06/03/2024 00:00
100109xxxxx,223xxxxx,2950.217,24 Hr Active Import Register (kWh),05/03/2024 00:00
100109xxxxx,223xxxxx,2938.9,24 Hr Active Import Register (kWh),04/03/2024 00:00
100109xxxxx,223xxxxx,2923.826,24 Hr Active Import Register (kWh),03/03/2024 00:00
100109xxxxx,223xxxxx,2909.357,24 Hr Active Import Register (kWh),02/03/2024 00:00
100109xxxxx,223xxxxx,2894.091,24 Hr Active Import Register (kWh),01/03/2024 00:00
100109xxxxx,223xxxxx,2883.648,24 Hr Active Import Register (kWh),29/02/2024 00:00
100109xxxxx,223xxxxx,2872.575,24 Hr Active Import Register (kWh),28/02/2024 00:00
100109xxxxx,223xxxxx,2854.753,24 Hr Active Import Register (kWh),27/02/2024 00:00
100109xxxxx,223xxxxx,2839.931,24 Hr Active Import Register (kWh),26/02/2024 00:00
100109xxxxx,223xxxxx,2825.897,24 Hr Active Import Register (kWh),25/02/2024 00:00
100109xxxxx,223xxxxx,2811.982,24 Hr Active Import Register (kWh),24/02/2024 00:00
100109xxxxx,223xxxxx,2798.491,24 Hr Active Import Register (kWh),23/02/2024 00:00
100109xxxxx,223xxxxx,2786.957,24 Hr Active Import Register (kWh),22/02/2024 00:00
100109xxxxx,223xxxxx,2776.435,24 Hr Active Import Register (kWh),21/02/2024 00:00
100109xxxxx,223xxxxx,2757.81,24 Hr Active Import Register (kWh),20/02/2024 00:00
100109xxxxx,223xxxxx,2734.766,24 Hr Active Import Register (kWh),19/02/2024 00:00
100109xxxxx,223xxxxx,2715.685,24 Hr Active Import Register (kWh),18/02/2024 00:00
100109xxxxx,223xxxxx,2700.709,24 Hr Active Import Register (kWh),17/02/2024 00:00
100109xxxxx,223xxxxx,2689.172,24 Hr Active Import Register (kWh),16/02/2024 00:00
100109xxxxx,223xxxxx,2675.182,24 Hr Active Import Register (kWh),15/02/2024 00:00
100109xxxxx,223xxxxx,2662.294,24 Hr Active Import Register (kWh),14/02/2024 00:00
100109xxxxx,223xxxxx,2650.819,24 Hr Active Import Register (kWh),13/02/2024 00:00
100109xxxxx,223xxxxx,2637.86,24 Hr Active Import Register (kWh),12/02/2024 00:00
100109xxxxx,223xxxxx,2622.796,24 Hr Active Import Register (kWh),11/02/2024 00:00
100109xxxxx,223xxxxx,2597.548,24 Hr Active Import Register (kWh),10/02/2024 00:00
100109xxxxx,223xxxxx,2583.699,24 Hr Active Import Register (kWh),09/02/2024 00:00
100109xxxxx,223xxxxx,2568.848,24 Hr Active Import Register (kWh),08/02/2024 00:00
100109xxxxx,223xxxxx,2555.984,24 Hr Active Import Register (kWh),07/02/2024 00:00
100109xxxxx,223xxxxx,2530.607,24 Hr Active Import Register (kWh),06/02/2024 00:00
100109xxxxx,223xxxxx,2519.174,24 Hr Active Import Register (kWh),05/02/2024 00:00
100109xxxxx,223xxxxx,2503.027,24 Hr Active Import Register (kWh),04/02/2024 00:00
100109xxxxx,223xxxxx,2489.4,24 Hr Active Import Register (kWh),03/02/2024 00:00
100109xxxxx,223xxxxx,2476.161,24 Hr Active Import Register (kWh),02/02/2024 00:00
100109xxxxx,223xxxxx,2464.344,24 Hr Active Import Register (kWh),01/02/2024 00:00
100109xxxxx,223xxxxx,2449.817,24 Hr Active Import Register (kWh),31/01/2024 00:00
100109xxxxx,223xxxxx,2435.054,24 Hr Active Import Register (kWh),30/01/2024 00:00
100109xxxxx,223xxxxx,2417.471,24 Hr Active Import Register (kWh),29/01/2024 00:00
100109xxxxx,223xxxxx,2403.131,24 Hr Active Import Register (kWh),28/01/2024 00:00
100109xxxxx,223xxxxx,2383.829,24 Hr Active Import Register (kWh),27/01/2024 00:00
100109xxxxx,223xxxxx,2367.126,24 Hr Active Import Register (kWh),26/01/2024 00:00
100109xxxxx,223xxxxx,2347.415,24 Hr Active Import Register (kWh),25/01/2024 00:00
100109xxxxx,223xxxxx,2333.22,24 Hr Active Import Register (kWh),24/01/2024 00:00
100109xxxxx,223xxxxx,2315.569,24 Hr Active Import Register (kWh),23/01/2024 00:00
100109xxxxx,223xxxxx,2289.09,24 Hr Active Import Register (kWh),22/01/2024 00:00
100109xxxxx,223xxxxx,2273.502,24 Hr Active Import Register (kWh),21/01/2024 00:00
100109xxxxx,223xxxxx,2260.315,24 Hr Active Import Register (kWh),20/01/2024 00:00
100109xxxxx,223xxxxx,2244.752,24 Hr Active Import Register (kWh),19/01/2024 00:00
100109xxxxx,223xxxxx,2226.789,24 Hr Active Import Register (kWh),18/01/2024 00:00
100109xxxxx,223xxxxx,2211.348,24 Hr Active Import Register (kWh),17/01/2024 00:00
100109xxxxx,223xxxxx,2197.281,24 Hr Active Import Register (kWh),16/01/2024 00:00
100109xxxxx,223xxxxx,2183.897,24 Hr Active Import Register (kWh),15/01/2024 00:00
100109xxxxx,223xxxxx,2168.291,24 Hr Active Import Register (kWh),14/01/2024 00:00
100109xxxxx,223xxxxx,2154.678,24 Hr Active Import Register (kWh),13/01/2024 00:00
100109xxxxx,223xxxxx,2130.524,24 Hr Active Import Register (kWh),12/01/2024 00:00
100109xxxxx,223xxxxx,2114.292,24 Hr Active Import Register (kWh),11/01/2024 00:00
100109xxxxx,223xxxxx,2097.888,24 Hr Active Import Register (kWh),10/01/2024 00:00
100109xxxxx,223xxxxx,2083.452,24 Hr Active Import Register (kWh),09/01/2024 00:00
100109xxxxx,223xxxxx,2069.555,24 Hr Active Import Register (kWh),08/01/2024 00:00
100109xxxxx,223xxxxx,2057.595,24 Hr Active Import Register (kWh),07/01/2024 00:00
100109xxxxx,223xxxxx,2041.758,24 Hr Active Import Register (kWh),06/01/2024 00:00
100109xxxxx,223xxxxx,2022.936,24 Hr Active Import Register (kWh),05/01/2024 00:00
100109xxxxx,223xxxxx,1999.701,24 Hr Active Import Register (kWh),04/01/2024 00:00
100109xxxxx,223xxxxx,1984.463,24 Hr Active Import Register (kWh),03/01/2024 00:00
100109xxxxx,223xxxxx,1970.317,24 Hr Active Import Register (kWh),02/01/2024 00:00
100109xxxxx,223xxxxx,1957.166,24 Hr Active Import Register (kWh),01/01/2024 00:00
100109xxxxx,223xxxxx,1945.438,24 Hr Active Import Register (kWh),31/12/2023 00:00
100109xxxxx,223xxxxx,1929.938,24 Hr Active Import Register (kWh),30/12/2023 00:00
100109xxxxx,223xxxxx,1917.423,24 Hr Active Import Register (kWh),29/12/2023 00:00
100109xxxxx,223xxxxx,1906.163,24 Hr Active Import Register (kWh),28/12/2023 00:00
100109xxxxx,223xxxxx,1889.415,24 Hr Active Import Register (kWh),27/12/2023 00:00
100109xxxxx,223xxxxx,1874.691,24 Hr Active Import Register (kWh),26/12/2023 00:00
100109xxxxx,223xxxxx,1852.992,24 Hr Active Import Register (kWh),25/12/2023 00:00
100109xxxxx,223xxxxx,1838.893,24 Hr Active Import Register (kWh),24/12/2023 00:00
100109xxxxx,223xxxxx,1827.221,24 Hr Active Import Register (kWh),23/12/2023 00:00
100109xxxxx,223xxxxx,1809.587,24 Hr Active Import Register (kWh),22/12/2023 00:00
100109xxxxx,223xxxxx,1790.354,24 Hr Active Import Register (kWh),21/12/2023 00:00
100109xxxxx,223xxxxx,1777.052,24 Hr Active Import Register (kWh),20/12/2023 00:00
100109xxxxx,223xxxxx,1763.767,24 Hr Active Import Register (kWh),19/12/2023 00:00
100109xxxxx,223xxxxx,1750.337,24 Hr Active Import Register (kWh),18/12/2023 00:00
100109xxxxx,223xxxxx,1739.03,24 Hr Active Import Register (kWh),17/12/2023 00:00
100109xxxxx,223xxxxx,1724.036,24 Hr Active Import Register (kWh),16/12/2023 00:00
100109xxxxx,223xxxxx,1709.335,24 Hr Active Import Register (kWh),15/12/2023 00:00
100109xxxxx,223xxxxx,1697.318,24 Hr Active Import Register (kWh),14/12/2023 00:00
100109xxxxx,223xxxxx,1684.735,24 Hr Active Import Register (kWh),13/12/2023 00:00
100109xxxxx,223xxxxx,1670.274,24 Hr Active Import Register (kWh),12/12/2023 00:00
100109xxxxx,223xxxxx,1659.729,24 Hr Active Import Register (kWh),11/12/2023 00:00
100109xxxxx,223xxxxx,1650.1,24 Hr Active Import Register (kWh),10/12/2023 00:00
100109xxxxx,223xxxxx,1635.567,24 Hr Active Import Register (kWh),09/12/2023 00:00
100109xxxxx,223xxxxx,1622.088,24 Hr Active Import Register (kWh),08/12/2023 00:00
100109xxxxx,223xxxxx,1610.101,24 Hr Active Import Register (kWh),07/12/2023 00:00
100109xxxxx,223xxxxx,1598.088,24 Hr Active Import Register (kWh),06/12/2023 00:00
100109xxxxx,223xxxxx,1583.06,24 Hr Active Import Register (kWh),05/12/2023 00:00
100109xxxxx,223xxxxx,1572.594,24 Hr Active Import Register (kWh),04/12/2023 00:00
100109xxxxx,223xxxxx,1563.174,24 Hr Active Import Register (kWh),03/12/2023 00:00
100109xxxxx,223xxxxx,1547.617,24 Hr Active Import Register (kWh),02/12/2023 00:00
100109xxxxx,223xxxxx,1534.685,24 Hr Active Import Register (kWh),01/12/2023 00:00
